[{"id":1,"username":"admin","password":"123456","nickname":"广商彭于晏","gender":"男","age":19,"updateTime":1711441614293},{"id":2,"username":"leon","password":"1234567","nickname":"广商胡歌","gender":"男","age":18},{"id":3,"username":"leon12345","password":"1234567","nickname":"计科火链","identity":"学生","gender":"男","age":18,"createTime":1733650793791,"updateTime":1733651344943,"cart":[]},{"id":4,"username":"admin999","password":"1234567","nickname":"哈哈哈","identity":"学生","gender":"男","age":18,"createTime":1733971884047,"updateTime":1733972024914,"cart":[]},{"id":5,"username":"leon999","password":"1234567","nickname":"广商彭于晏","identity":"学生","gender":"男","age":18,"createTime":1734000664300,"updateTime":1734000761210,"cart":[]},{"id":6,"username":"jack666","password":"1234567","nickname":"广商彭于晏","identity":"学生","gender":"男","age":18,"createTime":1734006504037,"updateTime":1734006577493,"cart":[]},{"id":7,"username":"pacmaster","password":"123456","nickname":"pac","identity":"学生","gender":"","age":"","createTime":1735121886802,"updateTime":1735121886802,"cart":[]},{"id":8,"username":"zhenjincheng","password":"123456","nickname":"asdfa","identity":"学生","gender":"男","age":15,"createTime":1735122001062,"updateTime":1735129790102,"cart":[]},{"id":9,"username":"yangjianhua","password":"123456","nickname":"zjc","identity":"学生","gender":"男","age":18,"createTime":1735125932338,"updateTime":1735131116399,"cart":[]},{"id":10,"username":"chenxiangqi","password":"123456","nickname":"cxq","identity":"学生","gender":"","age":"","createTime":1735133507889,"updateTime":1735133507889,"cart":[]}]